<?xml version="1.0" encoding="UTF-8"?>
<metadata xml:lang="en"><Esri><CreaDate>20210515</CreaDate><CreaTime>18490400</CreaTime><ArcGISFormat>1.0</ArcGISFormat><SyncOnce>TRUE</SyncOnce><DataProperties><lineage><Process ToolSource="c:\program files\arcgis\pro\Resources\ArcToolbox\toolboxes\Conversion Tools.tbx\FeatureClassToFeatureClass" Date="20210515" Time="184904">FeatureClassToFeatureClass Vancouver C:\GEOB270\2021_S1\Labs\Lab2\lab2_Data Van_DA_2016.shp # "DAUID "DAUID" true true false 8 Text 0 0,First,#,Vancouver,Vancouver.DAUID,0,8;PRUID "PRUID" true true false 2 Text 0 0,First,#,Vancouver,Vancouver.PRUID,0,2;PRNAME "PRNAME" true true false 100 Text 0 0,First,#,Vancouver,Vancouver.PRNAME,0,100;CDUID "CDUID" true true false 4 Text 0 0,First,#,Vancouver,Vancouver.CDUID,0,4;CDNAME "CDNAME" true true false 100 Text 0 0,First,#,Vancouver,Vancouver.CDNAME,0,100;CDTYPE "CDTYPE" true true false 3 Text 0 0,First,#,Vancouver,Vancouver.CDTYPE,0,3;CCSUID "CCSUID" true true false 7 Text 0 0,First,#,Vancouver,Vancouver.CCSUID,0,7;CCSNAME "CCSNAME" true true false 100 Text 0 0,First,#,Vancouver,Vancouver.CCSNAME,0,100;CSDUID "CSDUID" true true false 7 Text 0 0,First,#,Vancouver,Vancouver.CSDUID,0,7;CSDNAME "CSDNAME" true true false 100 Text 0 0,First,#,Vancouver,Vancouver.CSDNAME,0,100;CSDTYPE "CSDTYPE" true true false 3 Text 0 0,First,#,Vancouver,Vancouver.CSDTYPE,0,3;ERUID "ERUID" true true false 4 Text 0 0,First,#,Vancouver,Vancouver.ERUID,0,4;ERNAME "ERNAME" true true false 100 Text 0 0,First,#,Vancouver,Vancouver.ERNAME,0,100;SACCODE "SACCODE" true true false 3 Text 0 0,First,#,Vancouver,Vancouver.SACCODE,0,3;SACTYPE "SACTYPE" true true false 1 Text 0 0,First,#,Vancouver,Vancouver.SACTYPE,0,1;CMAUID "CMAUID" true true false 3 Text 0 0,First,#,Vancouver,Vancouver.CMAUID,0,3;CMAPUID "CMAPUID" true true false 5 Text 0 0,First,#,Vancouver,Vancouver.CMAPUID,0,5;CMANAME "CMANAME" true true false 100 Text 0 0,First,#,Vancouver,Vancouver.CMANAME,0,100;CMATYPE "CMATYPE" true true false 1 Text 0 0,First,#,Vancouver,Vancouver.CMATYPE,0,1;CTUID "CTUID" true true false 10 Text 0 0,First,#,Vancouver,Vancouver.CTUID,0,10;CTNAME "CTNAME" true true false 7 Text 0 0,First,#,Vancouver,Vancouver.CTNAME,0,7;ADAUID "ADAUID" true true false 8 Text 0 0,First,#,Vancouver,Vancouver.ADAUID,0,8;Pop "Pop" true true false 4 Long 0 0,First,#,Vancouver,Vancouver.Pop,-1,-1;Population "Population" true true false 4 Long 0 0,First,#,Vancouver,Vancouver.Population,-1,-1;Shape_Length "Shape_Length" false true true 8 Double 0 0,First,#,Vancouver,Vancouver.Shape_Length,-1,-1;Shape_Area "Shape_Area" false true true 8 Double 0 0,First,#,Vancouver,Vancouver.Shape_Area,-1,-1;DAUID_Numeric "DAUD_Numeric" true true false 4 Long 0 0,First,#,Vancouver,Vancouver.DAUID_Numeric,-1,-1;GEO_UID "GEO UID" true true false 4 Long 0 0,First,#,Vancouver,DA_Tabular_2016.csv.GEO UID,-1,-1;Population_1 "Population" true true false 4 Long 0 0,First,#,Vancouver,DA_Tabular_2016.csv.Population,-1,-1;Housing "Housing" true true false 4 Long 0 0,First,#,Vancouver,DA_Tabular_2016.csv.Housing,-1,-1;Income "Income" true true false 4 Long 0 0,First,#,Vancouver,DA_Tabular_2016.csv.Income,-1,-1" #</Process><Process ToolSource="c:\program files\arcgis\pro\Resources\ArcToolbox\toolboxes\Data Management Tools.tbx\DeleteField" Date="20210515" Time="185433">DeleteField Van_DA_2016 DAUID_Nume</Process><Process ToolSource="c:\program files\arcgis\pro\Resources\ArcToolbox\toolboxes\Data Management Tools.tbx\DeleteField" Date="20210515" Time="185445">DeleteField Van_DA_2016 Pop</Process><Process ToolSource="c:\program files\arcgis\pro\Resources\ArcToolbox\toolboxes\Data Management Tools.tbx\UpdateSchema" Date="20210515" Time="185534">UpdateSchema "CIMDATA=&lt;CIMStandardDataConnection xsi:type='typens:CIMStandardDataConnection' xmlns:xsi='http://www.w3.org/2001/XMLSchema-instance' xmlns:xs='http://www.w3.org/2001/XMLSchema' xmlns:typens='http://www.esri.com/schemas/ArcGIS/2.8.0'&gt;&lt;WorkspaceConnectionString&gt;DATABASE=C:\GEOB270\2021_S1\Labs\Lab2\lab2_Data&lt;/WorkspaceConnectionString&gt;&lt;WorkspaceFactory&gt;Shapefile&lt;/WorkspaceFactory&gt;&lt;Dataset&gt;Van_DA_2016.shp&lt;/Dataset&gt;&lt;DatasetType&gt;esriDTFeatureClass&lt;/DatasetType&gt;&lt;/CIMStandardDataConnection&gt;" &lt;operationSequence&gt;&lt;workflow&gt;&lt;DeleteField&gt;&lt;field_name&gt;Population&lt;/field_name&gt;&lt;field_name&gt;Shape_Leng&lt;/field_name&gt;&lt;field_name&gt;Shape_Area&lt;/field_name&gt;&lt;field_name&gt;GEO_UID&lt;/field_name&gt;&lt;/DeleteField&gt;&lt;/workflow&gt;&lt;/operationSequence&gt;</Process><Process ToolSource="c:\program files\arcgis\pro\Resources\ArcToolbox\toolboxes\Data Management Tools.tbx\UpdateSchema" Date="20210515" Time="185608">UpdateSchema "CIMDATA=&lt;CIMStandardDataConnection xsi:type='typens:CIMStandardDataConnection' xmlns:xsi='http://www.w3.org/2001/XMLSchema-instance' xmlns:xs='http://www.w3.org/2001/XMLSchema' xmlns:typens='http://www.esri.com/schemas/ArcGIS/2.8.0'&gt;&lt;WorkspaceConnectionString&gt;DATABASE=C:\GEOB270\2021_S1\Labs\Lab2\lab2_Data&lt;/WorkspaceConnectionString&gt;&lt;WorkspaceFactory&gt;Shapefile&lt;/WorkspaceFactory&gt;&lt;Dataset&gt;Van_DA_2016.shp&lt;/Dataset&gt;&lt;DatasetType&gt;esriDTFeatureClass&lt;/DatasetType&gt;&lt;/CIMStandardDataConnection&gt;" &lt;operationSequence&gt;&lt;workflow&gt;&lt;AddField&gt;&lt;field_name&gt;Population&lt;/field_name&gt;&lt;field_type&gt;LONG&lt;/field_type&gt;&lt;field_is_nullable&gt;False&lt;/field_is_nullable&gt;&lt;field_is_required&gt;False&lt;/field_is_required&gt;&lt;/AddField&gt;&lt;/workflow&gt;&lt;/operationSequence&gt;</Process><Process ToolSource="c:\program files\arcgis\pro\Resources\ArcToolbox\toolboxes\Data Management Tools.tbx\CalculateField" Date="20210515" Time="185628">CalculateField Van_DA_2016 Population !Populati_1! "Python 3" # Text NO_ENFORCE_DOMAINS</Process><Process ToolSource="c:\program files\arcgis\pro\Resources\ArcToolbox\toolboxes\Data Management Tools.tbx\DeleteField" Date="20210515" Time="185635">DeleteField Van_DA_2016 Populati_1</Process></lineage></DataProperties></Esri></metadata>
