<?xml version="1.0" encoding="UTF-8"?>
<metadata xml:lang="en"><Esri><CreaDate>20211020</CreaDate><CreaTime>21430400</CreaTime><ArcGISFormat>1.0</ArcGISFormat><SyncOnce>FALSE</SyncOnce><DataProperties><lineage><Process ToolSource="c:\program files (x86)\arcgis\desktop10.2\ArcToolbox\Toolboxes\Data Management Tools.tbx\AddField" Date="20150126" Time="165942">AddField C:\WAVE\GIS\WAVERiskIndex\Base\WaveRiskIndex.gdb\HouseholdsAndLots\CadastralBoundaries_PortAlberni IsGovt SHORT # # # # NULLABLE NON_REQUIRED #</Process><Process ToolSource="c:\program files (x86)\arcgis\desktop10.2\ArcToolbox\Toolboxes\Data Management Tools.tbx\AddField" Date="20150126" Time="165956">AddField C:\WAVE\GIS\WAVERiskIndex\Base\WaveRiskIndex.gdb\HouseholdsAndLots\CadastralBoundaries_PortAlberni IsHealth SHORT # # # # NULLABLE NON_REQUIRED #</Process><Process ToolSource="c:\program files (x86)\arcgis\desktop10.2\ArcToolbox\Toolboxes\Data Management Tools.tbx\AddField" Date="20150126" Time="170023">AddField C:\WAVE\GIS\WAVERiskIndex\Base\WaveRiskIndex.gdb\HouseholdsAndLots\CadastralBoundaries_PortAlberni IsCareFacility SHORT # # # # NULLABLE NON_REQUIRED #</Process><Process ToolSource="c:\program files (x86)\arcgis\desktop10.2\ArcToolbox\Toolboxes\Data Management Tools.tbx\AddField" Date="20150126" Time="170053">AddField C:\WAVE\GIS\WAVERiskIndex\Base\WaveRiskIndex.gdb\HouseholdsAndLots\CadastralBoundaries_PortAlberni IsEdu SHORT # # # # NULLABLE NON_REQUIRED #</Process><Process ToolSource="c:\program files (x86)\arcgis\desktop10.2\ArcToolbox\Toolboxes\Data Management Tools.tbx\AddField" Date="20150126" Time="170108">AddField C:\WAVE\GIS\WAVERiskIndex\Base\WaveRiskIndex.gdb\HouseholdsAndLots\CadastralBoundaries_PortAlberni Remarks TEXT # # # # NULLABLE NON_REQUIRED #</Process><Process ToolSource="c:\program files (x86)\arcgis\desktop10.2\ArcToolbox\Toolboxes\Data Management Tools.tbx\AssignDefaultToField" Date="20150128" Time="134314">AssignDefaultToField C:\WAVE\GIS\WAVERiskIndex\Base\WaveRiskIndex.gdb\HouseholdsAndLots\CadastralBoundaries_PortAlberni LandUseCode 0 #</Process><Process ToolSource="c:\program files (x86)\arcgis\desktop10.2\ArcToolbox\Toolboxes\Data Management Tools.tbx\AssignDefaultToField" Date="20150128" Time="134336">AssignDefaultToField C:\WAVE\GIS\WAVERiskIndex\Base\WaveRiskIndex.gdb\HouseholdsAndLots\CadastralBoundaries_PortAlberni IsGovt 0 #</Process><Process ToolSource="c:\program files (x86)\arcgis\desktop10.2\ArcToolbox\Toolboxes\Data Management Tools.tbx\AssignDefaultToField" Date="20150128" Time="134349">AssignDefaultToField C:\WAVE\GIS\WAVERiskIndex\Base\WaveRiskIndex.gdb\HouseholdsAndLots\CadastralBoundaries_PortAlberni IsHealth 0 #</Process><Process ToolSource="c:\program files (x86)\arcgis\desktop10.2\ArcToolbox\Toolboxes\Data Management Tools.tbx\AssignDefaultToField" Date="20150128" Time="134400">AssignDefaultToField C:\WAVE\GIS\WAVERiskIndex\Base\WaveRiskIndex.gdb\HouseholdsAndLots\CadastralBoundaries_PortAlberni IsCareFacility 0 #</Process><Process ToolSource="c:\program files (x86)\arcgis\desktop10.2\ArcToolbox\Toolboxes\Data Management Tools.tbx\AssignDefaultToField" Date="20150128" Time="134414">AssignDefaultToField C:\WAVE\GIS\WAVERiskIndex\Base\WaveRiskIndex.gdb\HouseholdsAndLots\CadastralBoundaries_PortAlberni IsEdu 0 #</Process><Process ToolSource="c:\program files (x86)\arcgis\desktop10.2\ArcToolbox\Toolboxes\Data Management Tools.tbx\AddField" Date="20150129" Time="092713">AddField LotBoundaries UnitNo TEXT # # # # NULLABLE NON_REQUIRED #</Process><Process ToolSource="d:\program files (x86)\arcgis\desktop10.5\ArcToolbox\Toolboxes\Conversion Tools.tbx\FeatureClassToFeatureClass" Date="20171220" Time="144651">FeatureClassToFeatureClass "d:\GIS\PostDoc Research\Original PhD Data\WaveRiskIndex.gdb\HouseholdsAndLots\CadastralBoundaries_PortAlberni" "d:\GIS\PostDoc Research\2016 Update\PortAlberni_2016Update.gdb\Cadastral" Cadastral_Boundaries_PA # "StreetNo "StreetNo" true true false 50 Text 0 0 ,First,#,d:\GIS\PostDoc Research\Original PhD Data\WaveRiskIndex.gdb\HouseholdsAndLots\CadastralBoundaries_PortAlberni,StreetNo,-1,-1;StreetName "StreetName" true true false 50 Text 0 0 ,First,#,d:\GIS\PostDoc Research\Original PhD Data\WaveRiskIndex.gdb\HouseholdsAndLots\CadastralBoundaries_PortAlberni,StreetName,-1,-1;PostalCode "PostalCode" true true false 50 Text 0 0 ,First,#,d:\GIS\PostDoc Research\Original PhD Data\WaveRiskIndex.gdb\HouseholdsAndLots\CadastralBoundaries_PortAlberni,PostalCode,-1,-1;LandUseCode "LandUseCode" true true false 2 Short 0 0 ,First,#,d:\GIS\PostDoc Research\Original PhD Data\WaveRiskIndex.gdb\HouseholdsAndLots\CadastralBoundaries_PortAlberni,LandUseCode,-1,-1;SHAPE_Length "SHAPE_Length" false true true 8 Double 0 0 ,First,#,d:\GIS\PostDoc Research\Original PhD Data\WaveRiskIndex.gdb\HouseholdsAndLots\CadastralBoundaries_PortAlberni,SHAPE_Length,-1,-1;SHAPE_Area "SHAPE_Area" false true true 8 Double 0 0 ,First,#,d:\GIS\PostDoc Research\Original PhD Data\WaveRiskIndex.gdb\HouseholdsAndLots\CadastralBoundaries_PortAlberni,SHAPE_Area,-1,-1;IsGovt "IsGovt" true true false 2 Short 0 0 ,First,#,d:\GIS\PostDoc Research\Original PhD Data\WaveRiskIndex.gdb\HouseholdsAndLots\CadastralBoundaries_PortAlberni,IsGovt,-1,-1;IsHealth "IsHealth" true true false 2 Short 0 0 ,First,#,d:\GIS\PostDoc Research\Original PhD Data\WaveRiskIndex.gdb\HouseholdsAndLots\CadastralBoundaries_PortAlberni,IsHealth,-1,-1;IsCareFacility "IsCareFacility" true true false 2 Short 0 0 ,First,#,d:\GIS\PostDoc Research\Original PhD Data\WaveRiskIndex.gdb\HouseholdsAndLots\CadastralBoundaries_PortAlberni,IsCareFacility,-1,-1;IsEdu "IsEdu" true true false 2 Short 0 0 ,First,#,d:\GIS\PostDoc Research\Original PhD Data\WaveRiskIndex.gdb\HouseholdsAndLots\CadastralBoundaries_PortAlberni,IsEdu,-1,-1;Remarks "Remarks" true true false 255 Text 0 0 ,First,#,d:\GIS\PostDoc Research\Original PhD Data\WaveRiskIndex.gdb\HouseholdsAndLots\CadastralBoundaries_PortAlberni,Remarks,-1,-1;UnitNo "UnitNo" true true false 255 Text 0 0 ,First,#,d:\GIS\PostDoc Research\Original PhD Data\WaveRiskIndex.gdb\HouseholdsAndLots\CadastralBoundaries_PortAlberni,UnitNo,-1,-1" #</Process><Process ToolSource="d:\program files (x86)\arcgis\desktop10.5\ArcToolbox\Toolboxes\Data Management Tools.tbx\CalculateField" Date="20180212" Time="094410">CalculateField Cadastral_Boundaries_PA InTsunamiZone "Yes" VB #</Process><Process ToolSource="d:\program files (x86)\arcgis\desktop10.5\ArcToolbox\Toolboxes\Data Management Tools.tbx\CalculateField" Date="20180212" Time="094606">CalculateField Cadastral_Boundaries_PA InTsunamiZone InZone( !InTsunamiZone! ) PYTHON_9.3 "def InZone(t):\n  if ( t != "Yes"):\n    return "No"\n  else:\n    return "Yes""</Process><Process ToolSource="d:\program files (x86)\arcgis\desktop10.5\ArcToolbox\Toolboxes\Data Management Tools.tbx\CalculateField" Date="20180212" Time="094720">CalculateField Cadastral_Boundaries_PA InTsunamiZone InZone( !InTsunamiZone!) PYTHON_9.3 "def InZone(t):\n  if t != "Yes":\n    return "No"\n  else:\n    return "Yes""</Process><Process ToolSource="d:\program files (x86)\arcgis\desktop10.5\ArcToolbox\Toolboxes\Data Management Tools.tbx\CalculateField" Date="20180212" Time="095420">CalculateField Cadastral_Boundaries_PA HouseholdSurveyed "No" VB #</Process><Process ToolSource="d:\program files (x86)\arcgis\desktop10.5\ArcToolbox\Toolboxes\Data Management Tools.tbx\CalculateField" Date="20180316" Time="104327">CalculateField Cadastral_Boundaries_PA IsFN "No" VB #</Process><Process ToolSource="d:\program files (x86)\arcgis\desktop10.5\ArcToolbox\Toolboxes\Data Management Tools.tbx\CalculateField" Date="20180316" Time="105208">CalculateField Cadastral_Boundaries_PA IsFN "Yes" VB #</Process><Process ToolSource="d:\program files (x86)\arcgis\desktop10.5\ArcToolbox\Toolboxes\Data Management Tools.tbx\CalculateField" Date="20180316" Time="105325">CalculateField Cadastral_Boundaries_PA IsFN "No" VB #</Process><Process ToolSource="d:\program files (x86)\arcgis\desktop10.6\ArcToolbox\Toolboxes\Conversion Tools.tbx\FeatureClassToFeatureClass" Date="20180715" Time="085441">FeatureClassToFeatureClass "D:\GIS\PostDoc Research\2016 Update\PortAlberni_2016Update.gdb\Cadastral\Cadastral_Boundaries_PA" "D:\GIS\Lab Exercises\VSP\GIS Lab #0\Lab 0 Data\Lab 0 Source Data.gdb" CadastralBoundaries_PA # "StreetNo "StreetNo" true true false 50 Text 0 0 ,First,#,D:\GIS\PostDoc Research\2016 Update\PortAlberni_2016Update.gdb\Cadastral\Cadastral_Boundaries_PA,StreetNo,-1,-1;StreetName "StreetName" true true false 50 Text 0 0 ,First,#,D:\GIS\PostDoc Research\2016 Update\PortAlberni_2016Update.gdb\Cadastral\Cadastral_Boundaries_PA,StreetName,-1,-1;PostalCode "PostalCode" true true false 50 Text 0 0 ,First,#,D:\GIS\PostDoc Research\2016 Update\PortAlberni_2016Update.gdb\Cadastral\Cadastral_Boundaries_PA,PostalCode,-1,-1;LandUseCode "LandUseCode" true true false 2 Short 0 0 ,First,#,D:\GIS\PostDoc Research\2016 Update\PortAlberni_2016Update.gdb\Cadastral\Cadastral_Boundaries_PA,LandUseCode,-1,-1;IsGovt "IsGovt" true true false 2 Short 0 0 ,First,#,D:\GIS\PostDoc Research\2016 Update\PortAlberni_2016Update.gdb\Cadastral\Cadastral_Boundaries_PA,IsGovt,-1,-1;IsHealth "IsHealth" true true false 2 Short 0 0 ,First,#,D:\GIS\PostDoc Research\2016 Update\PortAlberni_2016Update.gdb\Cadastral\Cadastral_Boundaries_PA,IsHealth,-1,-1;IsCareFacility "IsCareFacility" true true false 2 Short 0 0 ,First,#,D:\GIS\PostDoc Research\2016 Update\PortAlberni_2016Update.gdb\Cadastral\Cadastral_Boundaries_PA,IsCareFacility,-1,-1;IsEdu "IsEdu" true true false 2 Short 0 0 ,First,#,D:\GIS\PostDoc Research\2016 Update\PortAlberni_2016Update.gdb\Cadastral\Cadastral_Boundaries_PA,IsEdu,-1,-1;Remarks "Remarks" true true false 255 Text 0 0 ,First,#,D:\GIS\PostDoc Research\2016 Update\PortAlberni_2016Update.gdb\Cadastral\Cadastral_Boundaries_PA,Remarks,-1,-1;UnitNo "UnitNo" true true false 255 Text 0 0 ,First,#,D:\GIS\PostDoc Research\2016 Update\PortAlberni_2016Update.gdb\Cadastral\Cadastral_Boundaries_PA,UnitNo,-1,-1;Shape_Length "Shape_Length" false true true 8 Double 0 0 ,First,#,D:\GIS\PostDoc Research\2016 Update\PortAlberni_2016Update.gdb\Cadastral\Cadastral_Boundaries_PA,Shape_Length,-1,-1;Shape_Area "Shape_Area" false true true 8 Double 0 0 ,First,#,D:\GIS\PostDoc Research\2016 Update\PortAlberni_2016Update.gdb\Cadastral\Cadastral_Boundaries_PA,Shape_Area,-1,-1;InTsunamiZone "InTsunamiZone" true true false 3 Text 0 0 ,First,#,D:\GIS\PostDoc Research\2016 Update\PortAlberni_2016Update.gdb\Cadastral\Cadastral_Boundaries_PA,InTsunamiZone,-1,-1;EvgEvacTime "EvgEvacTime" true true false 4 Float 0 0 ,First,#,D:\GIS\PostDoc Research\2016 Update\PortAlberni_2016Update.gdb\Cadastral\Cadastral_Boundaries_PA,EvgEvacTime,-1,-1;HouseholdSurveyed "HouseholdSurveyed" true true false 3 Text 0 0 ,First,#,D:\GIS\PostDoc Research\2016 Update\PortAlberni_2016Update.gdb\Cadastral\Cadastral_Boundaries_PA,HouseholdSurveyed,-1,-1;IsFN "IsFN" true true false 3 Text 0 0 ,First,#,D:\GIS\PostDoc Research\2016 Update\PortAlberni_2016Update.gdb\Cadastral\Cadastral_Boundaries_PA,IsFN,-1,-1" #</Process><Process ToolSource="d:\program files (x86)\arcgis\desktop10.6\ArcToolbox\Toolboxes\Data Management Tools.tbx\DeleteField" Date="20180715" Time="085533">DeleteField "D:\GIS\Lab Exercises\VSP\GIS Lab #0\Lab 0 Data\Lab 0 Source Data.gdb\CadastralBoundaries_PA" PostalCode;IsGovt;IsHealth;IsCareFacility;IsEdu;Remarks;UnitNo;InTsunamiZone;EvgEvacTime;HouseholdSurveyed;IsFN</Process><Process ToolSource="d:\program files (x86)\arcgis\desktop10.6\ArcToolbox\Toolboxes\Data Management Tools.tbx\DeleteField" Date="20180715" Time="085559">DeleteField "D:\GIS\Lab Exercises\VSP\GIS Lab #0\Lab 0 Data\Lab 0 Source Data.gdb\CadastralBoundaries_PA" IsGovt;IsHealth;IsCareFacility;IsEdu;Remarks;UnitNo;InTsunamiZone;EvgEvacTime;HouseholdSurveyed;IsFN</Process><Process ToolSource="d:\program files (x86)\arcgis\desktop10.6\ArcToolbox\Toolboxes\Data Management Tools.tbx\DeleteField" Date="20180715" Time="085608">DeleteField "D:\GIS\Lab Exercises\VSP\GIS Lab #0\Lab 0 Data\Lab 0 Source Data.gdb\CadastralBoundaries_PA" PostalCode</Process><Process ToolSource="d:\program files (x86)\arcgis\desktop10.6\ArcToolbox\Toolboxes\Data Management Tools.tbx\DeleteField" Date="20180715" Time="085622">DeleteField "D:\GIS\Lab Exercises\VSP\GIS Lab #0\Lab 0 Data\Lab 0 Source Data.gdb\CadastralBoundaries_PA" PostalCode</Process><Process ToolSource="d:\program files (x86)\arcgis\desktop10.6\ArcToolbox\Toolboxes\Data Management Tools.tbx\DeleteField" Date="20180715" Time="085900">DeleteField "D:\GIS\Lab Exercises\VSP\GIS Lab #0\Lab 0 Data\Lab 0 Source Data.gdb\CadastralBoundaries_PA" IsGovt;IsHealth;IsCareFacility;IsEdu;Remarks;UnitNo;InTsunamiZone;EvgEvacTime;HouseholdSurveyed;IsFN</Process><Process ToolSource="c:\program files (x86)\arcgis\desktop10.6\ArcToolbox\Toolboxes\Data Management Tools.tbx\Project" Date="20200501" Time="172351">Project C:\Users\wesle\GEOB270\Lab1\AlberniSourceData.gdb\CadastralBoundaries_PA C:\Users\wesle\GEOB270\Lab1\AlberniSourceData.gdb\CadastralBoundaries_PA_Proje PROJCS['WGS_1984_Web_Mercator_Auxiliary_Sphere',GEOGCS['GCS_WGS_1984',DATUM['D_WGS_1984',SPHEROID['WGS_1984',6378137.0,298.257223563]],PRIMEM['Greenwich',0.0],UNIT['Degree',0.0174532925199433]],PROJECTION['Mercator_Auxiliary_Sphere'],PARAMETER['False_Easting',0.0],PARAMETER['False_Northing',0.0],PARAMETER['Central_Meridian',0.0],PARAMETER['Standard_Parallel_1',0.0],PARAMETER['Auxiliary_Sphere_Type',0.0],UNIT['Meter',1.0]] WGS_1984_(ITRF00)_To_NAD_1983 PROJCS['NAD_1983_BC_Environment_Albers',GEOGCS['GCS_North_American_1983',DATUM['D_North_American_1983',SPHEROID['GRS_1980',6378137.0,298.257222101]],PRIMEM['Greenwich',0.0],UNIT['Degree',0.0174532925199433]],PROJECTION['Albers'],PARAMETER['False_Easting',1000000.0],PARAMETER['False_Northing',0.0],PARAMETER['Central_Meridian',-126.0],PARAMETER['Standard_Parallel_1',50.0],PARAMETER['Standard_Parallel_2',58.5],PARAMETER['Latitude_Of_Origin',45.0],UNIT['Meter',1.0]] NO_PRESERVE_SHAPE # NO_VERTICAL</Process><Process ToolSource="c:\program files (x86)\arcgis\desktop10.6\ArcToolbox\Toolboxes\Data Management Tools.tbx\Project" Date="20200501" Time="172824">Project C:\Users\wesle\GEOB270\Lab1\AlberniSourceData.gdb\LandUse C:\Users\wesle\GEOB270\Lab1\AlberniSourceData.gdb\LandUse_Project PROJCS['NAD_1983_BC_Environment_Albers',GEOGCS['GCS_North_American_1983',DATUM['D_North_American_1983',SPHEROID['GRS_1980',6378137.0,298.257222101]],PRIMEM['Greenwich',0.0],UNIT['Degree',0.0174532925199433]],PROJECTION['Albers'],PARAMETER['False_Easting',1000000.0],PARAMETER['False_Northing',0.0],PARAMETER['Central_Meridian',-126.0],PARAMETER['Standard_Parallel_1',50.0],PARAMETER['Standard_Parallel_2',58.5],PARAMETER['Latitude_Of_Origin',45.0],UNIT['Meter',1.0]] WGS_1984_(ITRF00)_To_NAD_1983 PROJCS['WGS_1984_Web_Mercator_Auxiliary_Sphere',GEOGCS['GCS_WGS_1984',DATUM['D_WGS_1984',SPHEROID['WGS_1984',6378137.0,298.257223563]],PRIMEM['Greenwich',0.0],UNIT['Degree',0.0174532925199433]],PROJECTION['Mercator_Auxiliary_Sphere'],PARAMETER['False_Easting',0.0],PARAMETER['False_Northing',0.0],PARAMETER['Central_Meridian',0.0],PARAMETER['Standard_Parallel_1',0.0],PARAMETER['Auxiliary_Sphere_Type',0.0],UNIT['Meter',1.0]] NO_PRESERVE_SHAPE # NO_VERTICAL</Process><Process ToolSource="c:\program files\arcgis\pro\Resources\ArcToolbox\toolboxes\Conversion Tools.tbx\FeatureClassToFeatureClass" Date="20210305" Time="225353">FeatureClassToFeatureClass C:\GEOB270\Lab1\AlberniSourceData.gdb\LandUse C:\temp\PA_RiskAssesment Properties.shp # "StreetNo "StreetNo" true true false 50 Text 0 0,First,#,C:\GEOB270\Lab1\AlberniSourceData.gdb\LandUse,StreetNo,0,50;StreetName "StreetName" true true false 50 Text 0 0,First,#,C:\GEOB270\Lab1\AlberniSourceData.gdb\LandUse,StreetName,0,50;LandUseCod "LandUseCode" true true false 2 Short 0 0,First,#,C:\GEOB270\Lab1\AlberniSourceData.gdb\LandUse,LandUseCode,-1,-1;Shape_Leng "Shape_Length" false true true 8 Double 0 0,First,#,C:\GEOB270\Lab1\AlberniSourceData.gdb\LandUse,Shape_Length,-1,-1;Shape_Area "Shape_Area" false true true 8 Double 0 0,First,#,C:\GEOB270\Lab1\AlberniSourceData.gdb\LandUse,Shape_Area,-1,-1" #</Process><Process ToolSource="c:\program files\arcgis\pro\Resources\ArcToolbox\toolboxes\Data Management Tools.tbx\Copy" Date="20210305" Time="225448">Copy C:\temp\PA_RiskAssesment\Properties.shp C:\temp\PA_RiskAssesment\Shapefiles\Properties.shp Shapefile #</Process><Process ToolSource="c:\program files\arcgis\pro\Resources\ArcToolbox\toolboxes\Data Management Tools.tbx\UpdateSchema" Date="20210307" Time="140111">UpdateSchema "CIMDATA=&lt;CIMStandardDataConnection xsi:type='typens:CIMStandardDataConnection' xmlns:xsi='http://www.w3.org/2001/XMLSchema-instance' xmlns:xs='http://www.w3.org/2001/XMLSchema' xmlns:typens='http://www.esri.com/schemas/ArcGIS/2.5.0'&gt;&lt;WorkspaceConnectionString&gt;DATABASE=C:\temp\PA_RiskAssesment\PA_Data&lt;/WorkspaceConnectionString&gt;&lt;WorkspaceFactory&gt;Shapefile&lt;/WorkspaceFactory&gt;&lt;Dataset&gt;Properties.shp&lt;/Dataset&gt;&lt;DatasetType&gt;esriDTFeatureClass&lt;/DatasetType&gt;&lt;/CIMStandardDataConnection&gt;" &lt;operationSequence&gt;&lt;workflow&gt;&lt;AddField&gt;&lt;field_name&gt;Zoning&lt;/field_name&gt;&lt;field_type&gt;SHORT&lt;/field_type&gt;&lt;field_is_nullable&gt;False&lt;/field_is_nullable&gt;&lt;field_is_required&gt;False&lt;/field_is_required&gt;&lt;/AddField&gt;&lt;/workflow&gt;&lt;/operationSequence&gt;</Process><Process ToolSource="c:\program files\arcgis\pro\Resources\ArcToolbox\toolboxes\Data Management Tools.tbx\UpdateSchema" Date="20210307" Time="140208">UpdateSchema "CIMDATA=&lt;CIMStandardDataConnection xsi:type='typens:CIMStandardDataConnection' xmlns:xsi='http://www.w3.org/2001/XMLSchema-instance' xmlns:xs='http://www.w3.org/2001/XMLSchema' xmlns:typens='http://www.esri.com/schemas/ArcGIS/2.5.0'&gt;&lt;WorkspaceConnectionString&gt;DATABASE=C:\temp\PA_RiskAssesment\PA_Data&lt;/WorkspaceConnectionString&gt;&lt;WorkspaceFactory&gt;Shapefile&lt;/WorkspaceFactory&gt;&lt;Dataset&gt;Properties.shp&lt;/Dataset&gt;&lt;DatasetType&gt;esriDTFeatureClass&lt;/DatasetType&gt;&lt;/CIMStandardDataConnection&gt;" &lt;operationSequence&gt;&lt;workflow&gt;&lt;DeleteField&gt;&lt;field_name&gt;Zoning&lt;/field_name&gt;&lt;/DeleteField&gt;&lt;/workflow&gt;&lt;/operationSequence&gt;</Process><Process ToolSource="c:\program files\arcgis\pro\Resources\ArcToolbox\toolboxes\Data Management Tools.tbx\UpdateSchema" Date="20210307" Time="140231">UpdateSchema "CIMDATA=&lt;CIMStandardDataConnection xsi:type='typens:CIMStandardDataConnection' xmlns:xsi='http://www.w3.org/2001/XMLSchema-instance' xmlns:xs='http://www.w3.org/2001/XMLSchema' xmlns:typens='http://www.esri.com/schemas/ArcGIS/2.5.0'&gt;&lt;WorkspaceConnectionString&gt;DATABASE=C:\temp\PA_RiskAssesment\PA_Data&lt;/WorkspaceConnectionString&gt;&lt;WorkspaceFactory&gt;Shapefile&lt;/WorkspaceFactory&gt;&lt;Dataset&gt;Properties.shp&lt;/Dataset&gt;&lt;DatasetType&gt;esriDTFeatureClass&lt;/DatasetType&gt;&lt;/CIMStandardDataConnection&gt;" &lt;operationSequence&gt;&lt;workflow&gt;&lt;AddField&gt;&lt;field_name&gt;Zoning&lt;/field_name&gt;&lt;field_type&gt;SHORT&lt;/field_type&gt;&lt;field_is_nullable&gt;False&lt;/field_is_nullable&gt;&lt;field_is_required&gt;False&lt;/field_is_required&gt;&lt;/AddField&gt;&lt;/workflow&gt;&lt;/operationSequence&gt;</Process><Process ToolSource="c:\program files\arcgis\pro\Resources\ArcToolbox\toolboxes\Data Management Tools.tbx\CalculateField" Date="20210307" Time="172344">CalculateField Properties Zoning !LandUseCod! PYTHON3 # Text</Process><Process ToolSource="c:\program files\arcgis\pro\Resources\ArcToolbox\toolboxes\Data Management Tools.tbx\DeleteField" Date="20210307" Time="172350">DeleteField Properties LandUseCod</Process><Process ToolSource="c:\program files\arcgis\pro\Resources\ArcToolbox\toolboxes\Data Management Tools.tbx\UpdateSchema" Date="20210307" Time="173005">UpdateSchema "CIMDATA=&lt;CIMStandardDataConnection xsi:type='typens:CIMStandardDataConnection' xmlns:xsi='http://www.w3.org/2001/XMLSchema-instance' xmlns:xs='http://www.w3.org/2001/XMLSchema' xmlns:typens='http://www.esri.com/schemas/ArcGIS/2.5.0'&gt;&lt;WorkspaceConnectionString&gt;DATABASE=C:\temp\PA_RiskAssesment\PA_Data&lt;/WorkspaceConnectionString&gt;&lt;WorkspaceFactory&gt;Shapefile&lt;/WorkspaceFactory&gt;&lt;Dataset&gt;Properties.shp&lt;/Dataset&gt;&lt;DatasetType&gt;esriDTFeatureClass&lt;/DatasetType&gt;&lt;/CIMStandardDataConnection&gt;" &lt;operationSequence&gt;&lt;workflow&gt;&lt;AddField&gt;&lt;field_name&gt;ZoneCode&lt;/field_name&gt;&lt;field_type&gt;LONG&lt;/field_type&gt;&lt;field_is_nullable&gt;False&lt;/field_is_nullable&gt;&lt;field_is_required&gt;False&lt;/field_is_required&gt;&lt;/AddField&gt;&lt;/workflow&gt;&lt;/operationSequence&gt;</Process><Process ToolSource="c:\program files\arcgis\pro\Resources\ArcToolbox\toolboxes\Data Management Tools.tbx\CalculateField" Date="20210307" Time="173024">CalculateField Properties ZoneCode !Zoning! PYTHON3 # Text</Process><Process ToolSource="c:\program files\arcgis\pro\Resources\ArcToolbox\toolboxes\Data Management Tools.tbx\DeleteField" Date="20210307" Time="173031">DeleteField Properties Zoning</Process><Process ToolSource="c:\program files\arcgis\pro\Resources\ArcToolbox\Toolboxes\Data Management Tools.tbx\CopyMultiple" Date="20210524" Time="082613">CopyMultiple "C:\temp\PA_RiskAssesment\PA_Data\Sirens.shp shapefile_point;C:\temp\PA_RiskAssesment\PA_Data\Properties.shp shapefile_polygon;C:\temp\PA_RiskAssesment\PA_Data\CityBoundaries.shp shapefile_line;C:\temp\PA_RiskAssesment\PA_Data\Shetlers.csv text_csv" C:\temp\PA_RiskAssesment\Lab3_Data Sirens;Properties;CityBoundaries;Shetlers "Sirens FeatureClass Sirens.shp #;Properties FeatureClass Properties.shp #;CityBoundaries FeatureClass CityBoundaries.shp #"</Process><Process ToolSource="c:\program files\arcgis\pro\Resources\ArcToolbox\toolboxes\Data Management Tools.tbx\Copy" Date="20211020" Time="214304">Copy "C:\Users\User\Google Drive\GEOB270\2021_S1\Labs\Lab3_Project\PA_Data\Properties.shp" C:\temp\Module5\PA_Data\Properties.shp Shapefile #</Process></lineage><itemProps><itemName Sync="TRUE">Properties</itemName><imsContentType Sync="TRUE">002</imsContentType><itemLocation><linkage Sync="TRUE">file://\\LAPTOP-3LARM5PJ\C$\temp\Module5\PA_Data\Properties</linkage><protocol Sync="TRUE">Local Area Network</protocol></itemLocation><nativeExtBox><westBL Sync="TRUE">1083737.099300</westBL><eastBL Sync="TRUE">1090267.825800</eastBL><southBL Sync="TRUE">467128.240500</southBL><northBL Sync="TRUE">473877.328700</northBL><exTypeCode Sync="TRUE">1</exTypeCode></nativeExtBox><itemSize Sync="TRUE">0.000</itemSize></itemProps><coordRef><type Sync="TRUE">Projected</type><geogcsn Sync="TRUE">GCS_North_American_1983</geogcsn><csUnits Sync="TRUE">Linear Unit: Meter (1.000000)</csUnits><projcsn Sync="TRUE">NAD_1983_BC_Environment_Albers</projcsn><peXml Sync="TRUE">&lt;ProjectedCoordinateSystem xsi:type='typens:ProjectedCoordinateSystem' xmlns:xsi='http://www.w3.org/2001/XMLSchema-instance' xmlns:xs='http://www.w3.org/2001/XMLSchema' xmlns:typens='http://www.esri.com/schemas/ArcGIS/2.5.0'&gt;&lt;WKT&gt;PROJCS[&amp;quot;NAD_1983_BC_Environment_Albers&amp;quot;,GEOGCS[&amp;quot;GCS_North_American_1983&amp;quot;,DATUM[&amp;quot;D_North_American_1983&amp;quot;,SPHEROID[&amp;quot;GRS_1980&amp;quot;,6378137.0,298.257222101]],PRIMEM[&amp;quot;Greenwich&amp;quot;,0.0],UNIT[&amp;quot;Degree&amp;quot;,0.0174532925199433]],PROJECTION[&amp;quot;Albers&amp;quot;],PARAMETER[&amp;quot;False_Easting&amp;quot;,1000000.0],PARAMETER[&amp;quot;False_Northing&amp;quot;,0.0],PARAMETER[&amp;quot;Central_Meridian&amp;quot;,-126.0],PARAMETER[&amp;quot;Standard_Parallel_1&amp;quot;,50.0],PARAMETER[&amp;quot;Standard_Parallel_2&amp;quot;,58.5],PARAMETER[&amp;quot;Latitude_Of_Origin&amp;quot;,45.0],UNIT[&amp;quot;Meter&amp;quot;,1.0],AUTHORITY[&amp;quot;EPSG&amp;quot;,3005]]&lt;/WKT&gt;&lt;XOrigin&gt;-13239300&lt;/XOrigin&gt;&lt;YOrigin&gt;-8610100&lt;/YOrigin&gt;&lt;XYScale&gt;316279566.22660488&lt;/XYScale&gt;&lt;ZOrigin&gt;-100000&lt;/ZOrigin&gt;&lt;ZScale&gt;10000&lt;/ZScale&gt;&lt;MOrigin&gt;-100000&lt;/MOrigin&gt;&lt;MScale&gt;10000&lt;/MScale&gt;&lt;XYTolerance&gt;0.001&lt;/XYTolerance&gt;&lt;ZTolerance&gt;0.001&lt;/ZTolerance&gt;&lt;MTolerance&gt;0.001&lt;/MTolerance&gt;&lt;HighPrecision&gt;true&lt;/HighPrecision&gt;&lt;WKID&gt;102190&lt;/WKID&gt;&lt;LatestWKID&gt;3005&lt;/LatestWKID&gt;&lt;/ProjectedCoordinateSystem&gt;</peXml></coordRef><copyHistory><copy source="C:\Users\User\Google Drive\GEOB270\2021_S1\Labs\Lab3_Project\PA_Data\Properties" dest="\\LAPTOP-3LARM5PJ\C$\temp\Module5\PA_Data\Properties" date="20211020" time="21430400"></copy></copyHistory></DataProperties><SyncDate>20210305</SyncDate><SyncTime>22535100</SyncTime><ModDate>20210305</ModDate><ModTime>22535100</ModTime></Esri><dataIdInfo><envirDesc Sync="TRUE">Microsoft Windows 10 Version 10.0 (Build 19041) ; Esri ArcGIS 12.5.0.22081</envirDesc><dataLang><languageCode value="eng" Sync="TRUE"></languageCode><countryCode value="USA" Sync="TRUE"></countryCode></dataLang><idCitation><resTitle Sync="TRUE">Properties</resTitle><presForm><PresFormCd value="005" Sync="TRUE"></PresFormCd></presForm></idCitation><spatRpType><SpatRepTypCd value="001" Sync="TRUE"></SpatRepTypCd></spatRpType><dataExt><geoEle><GeoBndBox esriExtentType="search"><exTypeCode Sync="TRUE">1</exTypeCode><westBL Sync="TRUE">-124.851756</westBL><eastBL Sync="TRUE">-124.760601</eastBL><northBL Sync="TRUE">49.275121</northBL><southBL Sync="TRUE">49.213396</southBL></GeoBndBox></geoEle></dataExt></dataIdInfo><mdLang><languageCode value="eng" Sync="TRUE"></languageCode><countryCode value="USA" Sync="TRUE"></countryCode></mdLang><distInfo><distFormat><formatName Sync="TRUE">Shapefile</formatName></distFormat><distTranOps><transSize Sync="TRUE">0.000</transSize></distTranOps></distInfo><mdHrLv><ScopeCd value="005" Sync="TRUE"></ScopeCd></mdHrLv><mdHrLvName Sync="TRUE">dataset</mdHrLvName><refSysInfo><RefSystem><refSysID><identCode code="3005" Sync="TRUE"></identCode><idCodeSpace Sync="TRUE">EPSG</idCodeSpace><idVersion Sync="TRUE">6.11(9.0.0)</idVersion></refSysID></RefSystem></refSysInfo><spatRepInfo><VectSpatRep><geometObjs Name="Properties"><geoObjTyp><GeoObjTypCd value="002" Sync="TRUE"></GeoObjTypCd></geoObjTyp><geoObjCnt Sync="TRUE">0</geoObjCnt></geometObjs><topLvl><TopoLevCd value="001" Sync="TRUE"></TopoLevCd></topLvl></VectSpatRep></spatRepInfo><spdoinfo><ptvctinf><esriterm Name="Properties"><efeatyp Sync="TRUE">Simple</efeatyp><efeageom code="4" Sync="TRUE"></efeageom><esritopo Sync="TRUE">FALSE</esritopo><efeacnt Sync="TRUE">0</efeacnt><spindex Sync="TRUE">FALSE</spindex><linrefer Sync="TRUE">FALSE</linrefer></esriterm></ptvctinf></spdoinfo><eainfo><detailed Name="Properties"><enttyp><enttypl Sync="TRUE">Properties</enttypl><enttypt Sync="TRUE">Feature Class</enttypt><enttypc Sync="TRUE">0</enttypc></enttyp><attr><attrlabl Sync="TRUE">FID</attrlabl><attalias Sync="TRUE">FID</attalias><attrtype Sync="TRUE">OID</attrtype><attwidth Sync="TRUE">4</attwidth><atprecis Sync="TRUE">0</atprecis><attscale Sync="TRUE">0</attscale><attrdef Sync="TRUE">Internal feature number.</attrdef><attrdefs Sync="TRUE">Esri</attrdefs><attrdomv><udom Sync="TRUE">Sequential unique whole numbers that are automatically generated.</udom></attrdomv></attr><attr><attrlabl Sync="TRUE">Shape</attrlabl><attalias Sync="TRUE">Shape</attalias><attrtype Sync="TRUE">Geometry</attrtype><attwidth Sync="TRUE">0</attwidth><atprecis Sync="TRUE">0</atprecis><attscale Sync="TRUE">0</attscale><attrdef Sync="TRUE">Feature geometry.</attrdef><attrdefs Sync="TRUE">Esri</attrdefs><attrdomv><udom Sync="TRUE">Coordinates defining the features.</udom></attrdomv></attr><attr><attrlabl Sync="TRUE">StreetNo</attrlabl><attalias Sync="TRUE">StreetNo</attalias><attrtype Sync="TRUE">String</attrtype><attwidth Sync="TRUE">50</attwidth><atprecis Sync="TRUE">0</atprecis><attscale Sync="TRUE">0</attscale></attr><attr><attrlabl Sync="TRUE">StreetName</attrlabl><attalias Sync="TRUE">StreetName</attalias><attrtype Sync="TRUE">String</attrtype><attwidth Sync="TRUE">50</attwidth><atprecis Sync="TRUE">0</atprecis><attscale Sync="TRUE">0</attscale></attr><attr><attrlabl Sync="TRUE">LandUseCod</attrlabl><attalias Sync="TRUE">LandUseCod</attalias><attrtype Sync="TRUE">Integer</attrtype><attwidth Sync="TRUE">5</attwidth><atprecis Sync="TRUE">5</atprecis><attscale Sync="TRUE">0</attscale></attr><attr><attrlabl Sync="TRUE">Shape_Leng</attrlabl><attalias Sync="TRUE">Shape_Leng</attalias><attrtype Sync="TRUE">Double</attrtype><attwidth Sync="TRUE">19</attwidth><atprecis Sync="TRUE">0</atprecis><attscale Sync="TRUE">0</attscale></attr><attr><attrlabl Sync="TRUE">Shape_Area</attrlabl><attalias Sync="TRUE">Shape_Area</attalias><attrtype Sync="TRUE">Double</attrtype><attwidth Sync="TRUE">19</attwidth><atprecis Sync="TRUE">0</atprecis><attscale Sync="TRUE">0</attscale><attrdef Sync="TRUE">Area of feature in internal units squared.</attrdef><attrdefs Sync="TRUE">Esri</attrdefs><attrdomv><udom Sync="TRUE">Positive real numbers that are automatically generated.</udom></attrdomv></attr></detailed></eainfo><mdDateSt Sync="TRUE">20210305</mdDateSt></metadata>
